,Distribution_type,U,Sigma,U2,Sigma2,mixing_prob,limitk,per_red,Objective_function_value,Solution_locations,Running_time(sec)
0,Normal_bimodal,180,30,300,60,0.2,300,5.0,472.5080376578529,4 1|2 5|1 1,1.6697844
1,Normal_bimodal,180,30,300,60,0.2,300,15.0,472.5080376578529,5 5|0 2|5 0,3.8894837
2,Normal_bimodal,180,30,300,60,0.2,300,25.0,472.5080376578529,5 5|0 2|5 0,3.8838887
3,Normal_bimodal,180,30,300,60,0.2,300,40.0,472.5080376578529,5 5|0 2|5 0,4.3329291
4,Normal_bimodal,180,30,300,60,0.2,300,50.0,472.5080376578529,5 5|0 2|5 0,4.1159113
5,Normal_bimodal,180,30,300,60,0.4,300,5.0,431.4195644172034,0 2|3 1|3 4,2.0036041
6,Normal_bimodal,180,30,300,60,0.4,300,15.0,431.4195644172034,3 5|0 2|3 2,4.4754071
7,Normal_bimodal,180,30,300,60,0.4,300,25.0,431.4195644172034,3 5|0 2|3 2,4.3748523
8,Normal_bimodal,180,30,300,60,0.4,300,40.0,431.4195644172034,3 5|0 2|3 2,4.2281579
9,Normal_bimodal,180,30,300,60,0.4,300,50.0,431.4195644172034,3 5|0 2|3 2,4.8614822
10,Normal_bimodal,180,30,300,60,0.5,300,5.0,414.70616863076305,2 5|1 2|4 2,2.1142009
11,Normal_bimodal,180,30,300,60,0.5,300,15.0,414.70616863076305,1 5|2 2|4 5,5.2822014
12,Normal_bimodal,180,30,300,60,0.5,300,25.0,414.70616863076305,1 5|2 2|4 5,4.1727261
13,Normal_bimodal,180,30,300,60,0.5,300,40.0,414.70616863076305,1 5|2 2|4 5,4.2312033
14,Normal_bimodal,180,30,300,60,0.5,300,50.0,414.70616863076305,1 5|2 2|4 5,4.5416226
15,Normal_bimodal,180,30,300,60,0.6,300,5.0,386.6490012094265,4 4|1 3|3 0,1.8578812
16,Normal_bimodal,180,30,300,60,0.6,300,15.0,386.6490012094265,1 1|2 4|4 3,5.1531416
17,Normal_bimodal,180,30,300,60,0.6,300,25.0,386.6490012094265,1 1|2 4|4 3,4.6550159
18,Normal_bimodal,180,30,300,60,0.6,300,40.0,386.6490012094265,1 1|2 4|4 3,4.7606602
19,Normal_bimodal,180,30,300,60,0.6,300,50.0,386.6490012094265,1 1|2 4|4 3,4.4493566
20,Normal_bimodal,180,30,300,60,0.8,300,5.0,354.0792098163853,5 1|1 1|3 4,1.7418829
21,Normal_bimodal,180,30,300,60,0.8,300,15.0,348.7346201110234,0 1|5 2|5 1,4.5517169
22,Normal_bimodal,180,30,300,60,0.8,300,25.0,348.7346201110234,0 1|5 2|5 1,4.5425706
23,Normal_bimodal,180,30,300,60,0.8,300,40.0,348.7346201110234,0 1|5 2|5 1,4.7156345
24,Normal_bimodal,180,30,300,60,0.8,300,50.0,348.7346201110234,0 1|5 2|5 1,4.491331
25,Normal_bimodal,180,30,300,50,0.2,300,5.0,473.57090802822324,4 1|2 5|1 1,1.6901364
26,Normal_bimodal,180,30,300,50,0.2,300,15.0,473.57090802822324,5 5|0 2|5 0,5.0294909
27,Normal_bimodal,180,30,300,50,0.2,300,25.0,473.57090802822324,5 5|0 2|5 0,4.5604427
28,Normal_bimodal,180,30,300,50,0.2,300,40.0,473.57090802822324,5 5|0 2|5 0,4.539365
29,Normal_bimodal,180,30,300,50,0.2,300,50.0,473.57090802822324,5 5|0 2|5 0,4.5358474
30,Normal_bimodal,180,30,300,50,0.4,300,5.0,431.7424347875738,0 2|3 1|3 4,2.6739785
31,Normal_bimodal,180,30,300,50,0.4,300,15.0,431.7424347875738,3 4|5 2|1 1,4.841332
32,Normal_bimodal,180,30,300,50,0.4,300,25.0,431.7424347875738,3 4|5 2|1 1,4.5212898
33,Normal_bimodal,180,30,300,50,0.4,300,40.0,431.7424347875738,3 4|5 2|1 1,4.643993
34,Normal_bimodal,180,30,300,50,0.4,300,50.0,431.7424347875738,3 4|5 2|1 1,4.4428233
35,Normal_bimodal,180,30,300,50,0.5,300,5.0,414.6217241863186,2 5|1 2|4 2,2.0651094
36,Normal_bimodal,180,30,300,50,0.5,300,15.0,414.6217241863186,1 5|2 2|4 5,4.4761354
37,Normal_bimodal,180,30,300,50,0.5,300,25.0,414.6217241863186,1 5|2 2|4 5,4.5447034
38,Normal_bimodal,180,30,300,50,0.5,300,40.0,414.6217241863186,1 5|2 2|4 5,4.5316183
39,Normal_bimodal,180,30,300,50,0.5,300,50.0,414.6217241863186,1 5|2 2|4 5,4.5215434
40,Normal_bimodal,180,30,300,50,0.6,300,5.0,386.6487234316487,4 4|1 3|3 0,2.0983154
41,Normal_bimodal,180,30,300,50,0.6,300,15.0,386.6487234316487,1 1|2 4|4 3,4.4740536
42,Normal_bimodal,180,30,300,50,0.6,300,25.0,386.6487234316487,1 1|2 4|4 3,4.6605508
43,Normal_bimodal,180,30,300,50,0.6,300,40.0,386.6487234316487,1 1|2 4|4 3,6.2480365
44,Normal_bimodal,180,30,300,50,0.6,300,50.0,386.6487234316487,1 1|2 4|4 3,5.7054049
45,Normal_bimodal,180,30,300,50,0.8,300,5.0,353.9215246312001,5 1|1 1|3 4,1.9108782
46,Normal_bimodal,180,30,300,50,0.8,300,15.0,348.8450830739863,1 0|0 5|0 2,4.8528316
47,Normal_bimodal,180,30,300,50,0.8,300,25.0,348.8450830739863,1 0|0 5|0 2,4.8777228
48,Normal_bimodal,180,30,300,50,0.8,300,40.0,348.8450830739863,1 0|0 5|0 2,5.1413408
49,Normal_bimodal,180,30,300,50,0.8,300,50.0,348.8450830739863,1 0|0 5|0 2,5.0739621
50,Normal_bimodal,180,30,300,40,0.2,300,5.0,474.7763709911862,4 1|2 5|1 1,1.8123911
51,Normal_bimodal,180,30,300,40,0.2,300,15.0,474.7763709911862,5 5|0 2|5 0,4.6422194
52,Normal_bimodal,180,30,300,40,0.2,300,25.0,474.7763709911862,5 5|0 2|5 0,4.5727745
53,Normal_bimodal,180,30,300,40,0.2,300,40.0,474.7763709911862,5 5|0 2|5 0,5.7492598
54,Normal_bimodal,180,30,300,40,0.2,300,50.0,474.7763709911862,5 5|0 2|5 0,4.621587
55,Normal_bimodal,180,30,300,40,0.4,300,5.0,432.12647799745037,0 2|3 1|3 4,2.3802173
56,Normal_bimodal,180,30,300,40,0.4,300,15.0,432.12647799745037,3 4|5 2|1 1,4.6971688
57,Normal_bimodal,180,30,300,40,0.4,300,25.0,432.12647799745037,3 4|5 2|1 1,4.7843586
58,Normal_bimodal,180,30,300,40,0.4,300,40.0,432.12647799745037,3 4|5 2|1 1,4.6778535
59,Normal_bimodal,180,30,300,40,0.4,300,50.0,432.12647799745037,3 4|5 2|1 1,4.6874426
60,Normal_bimodal,180,30,300,40,0.5,300,5.0,414.52394640854084,2 5|1 2|4 2,2.1520383
61,Normal_bimodal,180,30,300,40,0.5,300,15.0,414.52394640854084,1 5|2 2|4 5,4.7313168
62,Normal_bimodal,180,30,300,40,0.5,300,25.0,414.52394640854084,1 5|2 2|4 5,4.8853067
63,Normal_bimodal,180,30,300,40,0.5,300,40.0,414.52394640854084,1 5|2 2|4 5,4.6495889
64,Normal_bimodal,180,30,300,40,0.5,300,50.0,414.52394640854084,1 5|2 2|4 5,5.1794622
65,Normal_bimodal,180,30,300,40,0.6,300,5.0,386.6649734316487,4 4|1 3|3 0,2.0393192
66,Normal_bimodal,180,30,300,40,0.6,300,15.0,386.65973393078053,1 1|2 4|4 3,4.4518402
67,Normal_bimodal,180,30,300,40,0.6,300,25.0,386.65973393078053,1 1|2 4|4 3,4.500996
68,Normal_bimodal,180,30,300,40,0.6,300,40.0,386.65973393078053,1 1|2 4|4 3,5.7388533
69,Normal_bimodal,180,30,300,40,0.6,300,50.0,386.65973393078053,1 1|2 4|4 3,4.8782267
70,Normal_bimodal,180,30,300,40,0.8,300,5.0,353.7635616682371,5 1|1 1|3 4,1.9865636
71,Normal_bimodal,180,30,300,40,0.8,300,15.0,348.97031455546767,3 1|3 3|1 2,5.051117
72,Normal_bimodal,180,30,300,40,0.8,300,25.0,348.97031455546767,3 1|3 3|1 2,4.8744123
73,Normal_bimodal,180,30,300,40,0.8,300,40.0,348.97031455546767,3 1|3 3|1 2,5.0238753
74,Normal_bimodal,180,30,300,40,0.8,300,50.0,348.97031455546767,3 1|3 3|1 2,5.0194224
75,Normal_bimodal,180,30,300,30,0.2,300,5.0,476.1333154356306,5 5|0 2|5 0,4.7881798
76,Normal_bimodal,180,30,300,30,0.2,300,15.0,476.1333154356306,5 5|0 2|5 0,6.1552558
77,Normal_bimodal,180,30,300,30,0.2,300,25.0,476.1333154356306,5 5|0 2|5 0,4.6812484
78,Normal_bimodal,180,30,300,30,0.2,300,40.0,476.1333154356306,5 5|0 2|5 0,5.0578394
79,Normal_bimodal,180,30,300,30,0.2,300,50.0,476.1333154356306,5 5|0 2|5 0,5.0995294
80,Normal_bimodal,180,30,300,30,0.4,300,5.0,432.5325582443639,0 2|3 1|3 4,3.1473146
81,Normal_bimodal,180,30,300,30,0.4,300,15.0,432.5325582443639,3 4|5 2|1 1,6.026039
82,Normal_bimodal,180,30,300,30,0.4,300,25.0,432.5325582443639,3 4|5 2|1 1,6.3586792
83,Normal_bimodal,180,30,300,30,0.4,300,40.0,432.5325582443639,3 4|5 2|1 1,6.669132
84,Normal_bimodal,180,30,300,30,0.4,300,50.0,432.5325582443639,3 4|5 2|1 1,6.1868063
85,Normal_bimodal,180,30,300,30,0.5,300,5.0,414.3593630752075,2 5|1 2|4 2,2.2642437
86,Normal_bimodal,180,30,300,30,0.5,300,15.0,414.3593630752075,1 5|2 2|4 5,5.7793445
87,Normal_bimodal,180,30,300,30,0.5,300,25.0,414.3593630752075,1 5|2 2|4 5,4.9983029
88,Normal_bimodal,180,30,300,30,0.5,300,40.0,414.3593630752075,1 5|2 2|4 5,5.2455759
89,Normal_bimodal,180,30,300,30,0.5,300,50.0,414.3593630752075,1 5|2 2|4 5,5.1724176
90,Normal_bimodal,180,30,300,30,0.6,300,5.0,386.6627975057228,4 4|1 3|3 0,2.2658307
91,Normal_bimodal,180,30,300,30,0.6,300,15.0,386.65445615300274,1 1|2 4|4 3,5.6232369
92,Normal_bimodal,180,30,300,30,0.6,300,25.0,386.65445615300274,1 1|2 4|4 3,7.4972976
93,Normal_bimodal,180,30,300,30,0.6,300,40.0,386.65445615300274,1 1|2 4|4 3,6.6784233
94,Normal_bimodal,180,30,300,30,0.6,300,50.0,386.65445615300274,1 1|2 4|4 3,5.2724807
95,Normal_bimodal,180,30,300,30,0.8,300,5.0,353.604626483052,5 1|1 1|3 4,2.1299433
96,Normal_bimodal,180,30,300,30,0.8,300,15.0,349.07781455546774,3 1|3 3|1 2,5.2750687
97,Normal_bimodal,180,30,300,30,0.8,300,25.0,349.07781455546774,3 1|3 3|1 2,5.2110892
98,Normal_bimodal,180,30,300,30,0.8,300,40.0,349.07781455546774,3 1|3 3|1 2,5.3467941
99,Normal_bimodal,180,30,300,30,0.8,300,50.0,349.07781455546774,3 1|3 3|1 2,6.2986929
100,Normal_bimodal,180,30,300,20,0.2,300,5.0,477.64350062081576,5 5|0 2|5 0,6.5125615
101,Normal_bimodal,180,30,300,20,0.2,300,15.0,477.64350062081576,5 5|0 2|5 0,4.9496818
102,Normal_bimodal,180,30,300,20,0.2,300,25.0,477.64350062081576,5 5|0 2|5 0,6.49739
103,Normal_bimodal,180,30,300,20,0.2,300,40.0,477.64350062081576,5 5|0 2|5 0,6.4657183
104,Normal_bimodal,180,30,300,20,0.2,300,50.0,477.64350062081576,5 5|0 2|5 0,5.3413066
105,Normal_bimodal,180,30,300,20,0.4,300,5.0,432.9657372567096,0 2|3 1|3 4,2.4119012
106,Normal_bimodal,180,30,300,20,0.4,300,15.0,432.9657372567096,3 4|5 2|1 1,4.614383
107,Normal_bimodal,180,30,300,20,0.4,300,25.0,432.9657372567096,3 4|5 2|1 1,5.3677674
108,Normal_bimodal,180,30,300,20,0.4,300,40.0,432.9657372567096,3 4|5 2|1 1,5.3548729
109,Normal_bimodal,180,30,300,20,0.4,300,50.0,432.9657372567096,3 4|5 2|1 1,5.1851404
110,Normal_bimodal,180,30,300,20,0.5,300,5.0,414.08917789002226,2 5|1 2|4 2,2.5552361
111,Normal_bimodal,180,30,300,20,0.5,300,15.0,414.08917789002226,1 5|2 2|4 5,6.8217604
112,Normal_bimodal,180,30,300,20,0.5,300,25.0,414.08917789002226,1 5|2 2|4 5,5.7950233
113,Normal_bimodal,180,30,300,20,0.5,300,40.0,414.08917789002226,1 5|2 2|4 5,5.0174363
114,Normal_bimodal,180,30,300,20,0.5,300,50.0,414.08917789002226,1 5|2 2|4 5,5.5587243
115,Normal_bimodal,180,30,300,20,0.6,300,5.0,386.64427898720425,4 4|1 3|3 0,2.236231
116,Normal_bimodal,180,30,300,20,0.6,300,15.0,386.6122647949781,1 1|2 4|4 3,5.9799326
117,Normal_bimodal,180,30,300,20,0.6,300,25.0,386.6122647949781,1 1|2 4|4 3,5.7196947
118,Normal_bimodal,180,30,300,20,0.6,300,40.0,386.6122647949781,1 1|2 4|4 3,5.4170619
119,Normal_bimodal,180,30,300,20,0.6,300,50.0,386.6122647949781,1 1|2 4|4 3,5.7023576
120,Normal_bimodal,180,30,300,20,0.8,300,5.0,353.4660153719408,5 1|1 1|3 4,3.8389299
121,Normal_bimodal,180,30,300,20,0.8,300,15.0,349.1511015925048,3 1|3 3|1 2,5.3104668
122,Normal_bimodal,180,30,300,20,0.8,300,25.0,349.1511015925048,3 1|3 3|1 2,5.2162124
123,Normal_bimodal,180,30,300,20,0.8,300,40.0,349.1511015925048,3 1|3 3|1 2,5.1835858
124,Normal_bimodal,180,30,300,20,0.8,300,50.0,349.1511015925048,3 1|3 3|1 2,5.0323043
125,Normal_bimodal,180,30,120,30,0.2,300,5.0,286.99815524163716,1 1|1 5|4 3,2.3501877
126,Normal_bimodal,180,30,120,30,0.2,300,15.0,286.99815524163716,3 1|0 4|1 4,7.7163531
127,Normal_bimodal,180,30,120,30,0.2,300,25.0,286.99815524163716,3 1|0 4|1 4,7.3395164
128,Normal_bimodal,180,30,120,30,0.2,300,40.0,286.99815524163716,3 1|0 4|1 4,7.9162091
129,Normal_bimodal,180,30,120,30,0.2,300,50.0,286.99815524163716,3 1|0 4|1 4,7.3554609
130,Normal_bimodal,180,30,120,30,0.4,300,5.0,265.58180809646547,1 1|1 5|4 3,2.0793601
131,Normal_bimodal,180,30,120,30,0.4,300,15.0,265.58180809646547,3 0|4 3|1 1,7.2420574
132,Normal_bimodal,180,30,120,30,0.4,300,25.0,265.58180809646547,3 0|4 3|1 1,9.7577279
133,Normal_bimodal,180,30,120,30,0.4,300,40.0,265.58180809646547,3 0|4 3|1 1,8.8758224
134,Normal_bimodal,180,30,120,30,0.4,300,50.0,265.58180809646547,3 0|4 3|1 1,8.446255
135,Normal_bimodal,180,30,120,30,0.5,300,5.0,255.2772247631321,1 1|1 5|4 3,2.6009971
136,Normal_bimodal,180,30,120,30,0.5,300,15.0,253.63409106711498,2 1|4 3|0 0,12.0711038
137,Normal_bimodal,180,30,120,30,0.5,300,25.0,253.63409106711498,2 1|4 3|0 0,10.0912622
138,Normal_bimodal,180,30,120,30,0.5,300,40.0,253.63409106711498,2 1|4 3|0 0,11.1927202
139,Normal_bimodal,180,30,120,30,0.5,300,50.0,253.63409106711498,2 1|4 3|0 0,9.3977318
140,Normal_bimodal,180,30,120,30,0.6,300,5.0,245.0556969853543,1 1|1 5|4 3,2.4861615
141,Normal_bimodal,180,30,120,30,0.6,300,15.0,242.1696132216106,2 2|2 0|5 2,10.3712063
142,Normal_bimodal,180,30,120,30,0.6,300,25.0,242.1696132216106,2 2|2 0|5 2,9.3368285
143,Normal_bimodal,180,30,120,30,0.6,300,40.0,242.1696132216106,2 2|2 0|5 2,8.3174126
144,Normal_bimodal,180,30,120,30,0.6,300,50.0,242.1696132216106,2 2|2 0|5 2,10.5025848
145,Normal_bimodal,180,30,120,30,0.8,300,5.0,225.17947429999967,1 2|4 1|3 5,2.4727434
146,Normal_bimodal,180,30,120,30,0.8,300,15.0,223.79619163242182,4 5|2 1|0 0,11.3642413
147,Normal_bimodal,180,30,120,30,0.8,300,25.0,223.79619163242182,4 5|2 1|0 0,10.1433822
148,Normal_bimodal,180,30,120,30,0.8,300,40.0,223.79619163242182,4 5|2 1|0 0,10.0147188
149,Normal_bimodal,180,30,120,30,0.8,300,50.0,223.79619163242182,4 5|2 1|0 0,12.2031938
150,Normal_bimodal,180,30,120,20,0.2,300,5.0,287.1294515379335,1 1|1 5|4 3,3.0673932
151,Normal_bimodal,180,30,120,20,0.2,300,15.0,287.1294515379335,3 1|0 4|1 4,7.4860276
152,Normal_bimodal,180,30,120,20,0.2,300,25.0,287.1294515379335,3 1|0 4|1 4,7.4382224
153,Normal_bimodal,180,30,120,20,0.2,300,40.0,287.1294515379335,3 1|0 4|1 4,7.2263424
154,Normal_bimodal,180,30,120,20,0.2,300,50.0,287.1294515379335,3 1|0 4|1 4,6.8113364
155,Normal_bimodal,180,30,120,20,0.4,300,5.0,265.7891692075766,1 1|1 5|4 3,2.0376243
156,Normal_bimodal,180,30,120,20,0.4,300,15.0,265.7891692075766,3 0|4 3|1 1,6.716732
157,Normal_bimodal,180,30,120,20,0.4,300,25.0,265.7891692075766,3 0|4 3|1 1,7.3199208
158,Normal_bimodal,180,30,120,20,0.4,300,40.0,265.7891692075766,3 0|4 3|1 1,6.4337037
159,Normal_bimodal,180,30,120,20,0.4,300,50.0,265.7891692075766,3 0|4 3|1 1,6.3490344
160,Normal_bimodal,180,30,120,20,0.5,300,5.0,255.52379883720613,1 1|1 5|4 3,1.8781261
161,Normal_bimodal,180,30,120,20,0.5,300,15.0,251.82050440012912,0 3|4 1|5 3,6.2896213
162,Normal_bimodal,180,30,120,20,0.5,300,25.0,251.82050440012912,0 3|4 1|5 3,6.4516443
163,Normal_bimodal,180,30,120,20,0.5,300,40.0,251.82050440012912,0 3|4 1|5 3,6.3638376
164,Normal_bimodal,180,30,120,20,0.5,300,50.0,251.82050440012912,0 3|4 1|5 3,6.5121577
165,Normal_bimodal,180,30,120,20,0.6,300,5.0,245.3916229112802,1 1|1 5|4 3,1.8426464
166,Normal_bimodal,180,30,120,20,0.6,300,15.0,242.7042432408373,3 5|0 4|4 3,6.0872923
167,Normal_bimodal,180,30,120,20,0.6,300,25.0,242.7042432408373,3 5|0 4|4 3,6.1350772
168,Normal_bimodal,180,30,120,20,0.6,300,40.0,242.7042432408373,3 5|0 4|4 3,6.1538573
169,Normal_bimodal,180,30,120,20,0.6,300,50.0,242.7042432408373,3 5|0 4|4 3,6.0357461
170,Normal_bimodal,180,30,120,20,0.8,300,5.0,224.9196131888886,1 2|4 1|3 5,1.7582135
171,Normal_bimodal,180,30,120,20,0.8,300,15.0,223.56881508921197,1 1|5 5|1 4,6.3258928
172,Normal_bimodal,180,30,120,20,0.8,300,25.0,223.56881508921197,1 1|5 5|1 4,6.2776166
173,Normal_bimodal,180,30,120,20,0.8,300,40.0,223.56881508921197,1 1|5 5|1 4,6.0605613
174,Normal_bimodal,180,30,120,20,0.8,300,50.0,223.56881508921197,1 1|5 5|1 4,6.0995812
175,Normal_bimodal,180,30,120,10,0.2,300,5.0,287.42246079719274,1 1|1 5|4 3,1.8763537
176,Normal_bimodal,180,30,120,10,0.2,300,15.0,287.42246079719274,3 1|0 4|1 4,5.9382242
177,Normal_bimodal,180,30,120,10,0.2,300,25.0,287.42246079719274,3 1|0 4|1 4,5.8755644
178,Normal_bimodal,180,30,120,10,0.2,300,40.0,287.42246079719274,3 1|0 4|1 4,5.8414369
179,Normal_bimodal,180,30,120,10,0.2,300,50.0,287.42246079719274,3 1|0 4|1 4,5.8577167
180,Normal_bimodal,180,30,120,10,0.4,300,5.0,266.0589840223913,1 1|1 5|4 3,1.7031489
181,Normal_bimodal,180,30,120,10,0.4,300,15.0,266.0589840223913,3 0|4 3|1 1,6.1475433
182,Normal_bimodal,180,30,120,10,0.4,300,25.0,266.0589840223913,3 0|4 3|1 1,5.8870144
183,Normal_bimodal,180,30,120,10,0.4,300,40.0,266.0589840223913,3 0|4 3|1 1,5.9293009
184,Normal_bimodal,180,30,120,10,0.4,300,50.0,266.0589840223913,3 0|4 3|1 1,5.9164139
185,Normal_bimodal,180,30,120,10,0.5,300,5.0,255.75889142979878,1 1|1 5|4 3,1.7597641
186,Normal_bimodal,180,30,120,10,0.5,300,15.0,252.04334390630197,0 3|4 1|5 3,5.9325245
187,Normal_bimodal,180,30,120,10,0.5,300,25.0,252.04334390630197,0 3|4 1|5 3,5.8992597
188,Normal_bimodal,180,30,120,10,0.5,300,40.0,252.04334390630197,0 3|4 1|5 3,6.0048191
189,Normal_bimodal,180,30,120,10,0.5,300,50.0,252.04334390630197,0 3|4 1|5 3,5.9600941
190,Normal_bimodal,180,30,120,10,0.6,300,5.0,245.71889142979876,1 1|1 5|4 3,1.7779269
191,Normal_bimodal,180,30,120,10,0.6,300,15.0,242.80753027787435,3 5|0 4|4 3,6.0248896
192,Normal_bimodal,180,30,120,10,0.6,300,25.0,242.80753027787435,3 5|0 4|4 3,5.8829998
193,Normal_bimodal,180,30,120,10,0.6,300,40.0,242.80753027787435,3 5|0 4|4 3,5.9082431
194,Normal_bimodal,180,30,120,10,0.6,300,50.0,242.80753027787435,3 5|0 4|4 3,5.8440719
195,Normal_bimodal,180,30,120,10,0.8,300,5.0,224.6736872629627,1 2|4 1|3 5,1.6745771
196,Normal_bimodal,180,30,120,10,0.8,300,15.0,223.42532743489096,1 1|5 5|1 4,6.1067767
197,Normal_bimodal,180,30,120,10,0.8,300,25.0,223.42532743489096,1 1|5 5|1 4,5.9262574
198,Normal_bimodal,180,30,120,10,0.8,300,40.0,223.42532743489096,1 1|5 5|1 4,5.9208138
199,Normal_bimodal,180,30,120,10,0.8,300,50.0,223.42532743489096,1 1|5 5|1 4,6.6358649
200,Normal_bimodal,180,20,300,60,0.2,300,5.0,472.6985006208157,4 1|2 5|1 1,1.8529778
201,Normal_bimodal,180,20,300,60,0.2,300,15.0,472.6985006208157,5 5|0 2|5 0,4.9148406
202,Normal_bimodal,180,20,300,60,0.2,300,25.0,472.6985006208157,5 5|0 2|5 0,3.9505649
203,Normal_bimodal,180,20,300,60,0.2,300,40.0,472.6985006208157,5 5|0 2|5 0,4.0018863
204,Normal_bimodal,180,20,300,60,0.2,300,50.0,472.6985006208157,5 5|0 2|5 0,4.0238071
205,Normal_bimodal,180,20,300,60,0.4,300,5.0,431.4515397258455,0 2|3 1|3 4,2.0177645
206,Normal_bimodal,180,20,300,60,0.4,300,15.0,431.4515397258455,3 5|0 2|3 2,4.2465263
207,Normal_bimodal,180,20,300,60,0.4,300,25.0,431.4515397258455,3 5|0 2|3 2,4.195027
208,Normal_bimodal,180,20,300,60,0.4,300,40.0,431.4515397258455,3 5|0 2|3 2,4.1482095
209,Normal_bimodal,180,20,300,60,0.4,300,50.0,431.4515397258455,3 5|0 2|3 2,3.989752
210,Normal_bimodal,180,20,300,60,0.5,300,5.0,418.91902280753055,3 1|1 3|4 5,1.7000567
211,Normal_bimodal,180,20,300,60,0.5,300,15.0,414.9498723344667,1 5|2 2|4 5,4.1990167
212,Normal_bimodal,180,20,300,60,0.5,300,25.0,414.9498723344667,1 5|2 2|4 5,4.2025369
213,Normal_bimodal,180,20,300,60,0.5,300,40.0,414.9498723344667,1 5|2 2|4 5,4.1564453
214,Normal_bimodal,180,20,300,60,0.5,300,50.0,414.9498723344667,1 5|2 2|4 5,4.1275561
215,Normal_bimodal,180,20,300,60,0.6,300,5.0,386.3492326909079,4 4|1 3|3 0,1.8401798
216,Normal_bimodal,180,20,300,60,0.6,300,15.0,386.3492326909079,1 1|2 4|4 3,4.2661047
217,Normal_bimodal,180,20,300,60,0.6,300,25.0,386.3492326909079,1 1|2 4|4 3,4.1893614
218,Normal_bimodal,180,20,300,60,0.6,300,40.0,386.3492326909079,1 1|2 4|4 3,4.1463979
219,Normal_bimodal,180,20,300,60,0.6,300,50.0,386.3492326909079,1 1|2 4|4 3,4.3400163
220,Normal_bimodal,180,20,300,60,0.8,300,5.0,353.71698759416313,5 1|1 1|3 4,1.8058191
221,Normal_bimodal,180,20,300,60,0.8,300,15.0,347.7236015925049,3 2|5 0|3 5,4.8979638
222,Normal_bimodal,180,20,300,60,0.8,300,25.0,347.7236015925049,3 2|5 0|3 5,4.1969246
223,Normal_bimodal,180,20,300,60,0.8,300,40.0,347.7236015925049,3 2|5 0|3 5,4.2748543
224,Normal_bimodal,180,20,300,60,0.8,300,50.0,347.7236015925049,3 2|5 0|3 5,4.1654908
225,Normal_bimodal,180,20,300,50,0.2,300,5.0,473.5467413615566,4 1|2 5|1 1,1.6656186
226,Normal_bimodal,180,20,300,50,0.2,300,15.0,473.5467413615566,5 5|0 2|5 0,4.0822333
227,Normal_bimodal,180,20,300,50,0.2,300,25.0,473.5467413615566,5 5|0 2|5 0,4.0084092
228,Normal_bimodal,180,20,300,50,0.2,300,40.0,473.5467413615566,5 5|0 2|5 0,3.978259
229,Normal_bimodal,180,20,300,50,0.2,300,50.0,473.5467413615566,5 5|0 2|5 0,4.036277
230,Normal_bimodal,180,20,300,50,0.4,300,5.0,431.6525273801664,0 2|3 1|3 4,2.0402836
231,Normal_bimodal,180,20,300,50,0.4,300,15.0,431.6525273801664,3 4|5 2|1 1,4.1719319
232,Normal_bimodal,180,20,300,50,0.4,300,25.0,431.6525273801664,3 4|5 2|1 1,4.131057
233,Normal_bimodal,180,20,300,50,0.4,300,40.0,431.6525273801664,3 4|5 2|1 1,4.1107624
234,Normal_bimodal,180,20,300,50,0.4,300,50.0,431.6525273801664,3 4|5 2|1 1,4.1405913
235,Normal_bimodal,180,20,300,50,0.5,300,5.0,419.11809688160463,3 1|1 3|4 5,1.7605337
236,Normal_bimodal,180,20,300,50,0.5,300,15.0,414.7383908529852,1 5|2 2|4 5,4.1951959
237,Normal_bimodal,180,20,300,50,0.5,300,25.0,414.7383908529852,1 5|2 2|4 5,4.1839272
238,Normal_bimodal,180,20,300,50,0.5,300,40.0,414.7383908529852,1 5|2 2|4 5,4.0861652
239,Normal_bimodal,180,20,300,50,0.5,300,50.0,414.7383908529852,1 5|2 2|4 5,4.1057648
240,Normal_bimodal,180,20,300,50,0.6,300,5.0,386.2508067649819,4 4|1 3|3 0,1.8277858
241,Normal_bimodal,180,20,300,50,0.6,300,15.0,386.2508067649819,1 1|2 4|4 3,4.1499497
242,Normal_bimodal,180,20,300,50,0.6,300,25.0,386.2508067649819,1 1|2 4|4 3,4.2085651
243,Normal_bimodal,180,20,300,50,0.6,300,40.0,386.2508067649819,1 1|2 4|4 3,4.3678432
244,Normal_bimodal,180,20,300,50,0.6,300,50.0,386.2508067649819,1 1|2 4|4 3,4.1289641
245,Normal_bimodal,180,20,300,50,0.8,300,5.0,353.52569129786673,5 1|1 1|3 4,1.6653138
246,Normal_bimodal,180,20,300,50,0.8,300,15.0,347.79772196287513,0 1|5 2|5 1,4.2861775
247,Normal_bimodal,180,20,300,50,0.8,300,25.0,347.79772196287513,0 1|5 2|5 1,4.272568
248,Normal_bimodal,180,20,300,50,0.8,300,40.0,347.79772196287513,0 1|5 2|5 1,4.2227076
249,Normal_bimodal,180,20,300,50,0.8,300,50.0,347.79772196287513,0 1|5 2|5 1,4.3314277
250,Normal_bimodal,180,20,300,40,0.2,300,5.0,474.8120191393343,4 1|2 5|1 1,1.6502035
251,Normal_bimodal,180,20,300,40,0.2,300,15.0,474.8120191393343,5 5|0 2|5 0,4.1152699
252,Normal_bimodal,180,20,300,40,0.2,300,25.0,474.8120191393343,5 5|0 2|5 0,4.0107617
253,Normal_bimodal,180,20,300,40,0.2,300,40.0,474.8120191393343,5 5|0 2|5 0,4.0047222
254,Normal_bimodal,180,20,300,40,0.2,300,50.0,474.8120191393343,5 5|0 2|5 0,4.0968758
255,Normal_bimodal,180,20,300,40,0.4,300,5.0,432.0384533060923,0 2|3 1|3 4,2.0557344
256,Normal_bimodal,180,20,300,40,0.4,300,15.0,432.0384533060923,3 4|5 2|1 1,4.1855114
257,Normal_bimodal,180,20,300,40,0.4,300,25.0,432.0384533060923,3 4|5 2|1 1,4.0757379
258,Normal_bimodal,180,20,300,40,0.4,300,40.0,432.0384533060923,3 4|5 2|1 1,4.3349508
259,Normal_bimodal,180,20,300,40,0.4,300,50.0,432.0384533060923,3 4|5 2|1 1,4.004268
260,Normal_bimodal,180,20,300,40,0.5,300,5.0,414.5807519640964,2 5|1 2|4 2,1.8871412
261,Normal_bimodal,180,20,300,40,0.5,300,15.0,414.5807519640964,1 5|2 2|4 5,4.1717808
262,Normal_bimodal,180,20,300,40,0.5,300,25.0,414.5807519640964,1 5|2 2|4 5,4.1269233
263,Normal_bimodal,180,20,300,40,0.5,300,40.0,414.5807519640964,1 5|2 2|4 5,4.1235059
264,Normal_bimodal,180,20,300,40,0.5,300,50.0,414.5807519640964,1 5|2 2|4 5,4.1152382
265,Normal_bimodal,180,20,300,40,0.6,300,5.0,386.2498808390561,4 4|1 3|3 0,1.9387026
266,Normal_bimodal,180,20,300,40,0.6,300,15.0,386.2498808390561,1 1|2 4|4 3,4.1147848
267,Normal_bimodal,180,20,300,40,0.6,300,25.0,386.2498808390561,1 1|2 4|4 3,4.0769836
268,Normal_bimodal,180,20,300,40,0.6,300,40.0,386.2498808390561,1 1|2 4|4 3,4.081443
269,Normal_bimodal,180,20,300,40,0.6,300,50.0,386.2498808390561,1 1|2 4|4 3,4.1130403
270,Normal_bimodal,180,20,300,40,0.8,300,5.0,353.38749685342236,5 1|1 1|3 4,1.696573
271,Normal_bimodal,180,20,300,40,0.8,300,15.0,347.89369418509744,1 0|0 5|0 2,4.2569979
272,Normal_bimodal,180,20,300,40,0.8,300,25.0,347.89369418509744,1 0|0 5|0 2,4.2615132
273,Normal_bimodal,180,20,300,40,0.8,300,40.0,347.89369418509744,1 0|0 5|0 2,4.2825524
274,Normal_bimodal,180,20,300,40,0.8,300,50.0,347.89369418509744,1 0|0 5|0 2,4.2958128
275,Normal_bimodal,180,20,300,30,0.2,300,5.0,476.2856302504454,5 5|0 2|5 0,4.0145571
276,Normal_bimodal,180,20,300,30,0.2,300,15.0,476.2856302504454,5 5|0 2|5 0,4.1672888
277,Normal_bimodal,180,20,300,30,0.2,300,25.0,476.2856302504454,5 5|0 2|5 0,3.9670031
278,Normal_bimodal,180,20,300,30,0.2,300,40.0,476.2856302504454,5 5|0 2|5 0,4.0870853
279,Normal_bimodal,180,20,300,30,0.2,300,50.0,476.2856302504454,5 5|0 2|5 0,4.0530219
280,Normal_bimodal,180,20,300,30,0.4,300,5.0,432.4567866394257,0 2|3 1|3 4,1.9785105
281,Normal_bimodal,180,20,300,30,0.4,300,15.0,432.4567866394257,3 4|5 2|1 1,4.0648672
282,Normal_bimodal,180,20,300,30,0.4,300,25.0,432.4567866394257,3 4|5 2|1 1,4.108502
283,Normal_bimodal,180,20,300,30,0.4,300,40.0,432.4567866394257,3 4|5 2|1 1,4.0785076
284,Normal_bimodal,180,20,300,30,0.4,300,50.0,432.4567866394257,3 4|5 2|1 1,4.1065154
285,Normal_bimodal,180,20,300,30,0.5,300,5.0,414.34718714928147,2 5|1 2|4 2,1.8797713
286,Normal_bimodal,180,20,300,30,0.5,300,15.0,414.34718714928147,1 5|2 2|4 5,4.1512399
287,Normal_bimodal,180,20,300,30,0.5,300,25.0,414.34718714928147,1 5|2 2|4 5,4.4247005
288,Normal_bimodal,180,20,300,30,0.5,300,40.0,414.34718714928147,1 5|2 2|4 5,4.0259349
289,Normal_bimodal,180,20,300,30,0.5,300,50.0,414.34718714928147,1 5|2 2|4 5,4.1211357
290,Normal_bimodal,180,20,300,30,0.6,300,5.0,386.2412234316487,4 4|1 3|3 0,1.8467137
291,Normal_bimodal,180,20,300,30,0.6,300,15.0,386.2412234316487,1 1|2 4|4 3,4.188246
292,Normal_bimodal,180,20,300,30,0.6,300,25.0,386.2412234316487,1 1|2 4|4 3,4.1449525
293,Normal_bimodal,180,20,300,30,0.6,300,40.0,386.2412234316487,1 1|2 4|4 3,4.1789217
294,Normal_bimodal,180,20,300,30,0.6,300,50.0,386.2412234316487,1 1|2 4|4 3,4.1290594
295,Normal_bimodal,180,20,300,30,0.8,300,5.0,353.2698116682371,5 1|1 1|3 4,1.7229518
296,Normal_bimodal,180,20,300,30,0.8,300,15.0,347.971610851764,3 1|3 3|1 2,4.3876862
297,Normal_bimodal,180,20,300,30,0.8,300,25.0,347.971610851764,3 1|3 3|1 2,4.5178089
298,Normal_bimodal,180,20,300,30,0.8,300,40.0,347.971610851764,3 1|3 3|1 2,4.25863
299,Normal_bimodal,180,20,300,30,0.8,300,50.0,347.971610851764,3 1|3 3|1 2,4.1149051
300,Normal_bimodal,180,20,300,20,0.2,300,5.0,477.84516728748247,5 5|0 2|5 0,4.1415151
301,Normal_bimodal,180,20,300,20,0.2,300,15.0,477.84516728748247,5 5|0 2|5 0,4.0365908
302,Normal_bimodal,180,20,300,20,0.2,300,25.0,477.84516728748247,5 5|0 2|5 0,4.0900612
303,Normal_bimodal,180,20,300,20,0.2,300,40.0,477.84516728748247,5 5|0 2|5 0,4.0427447
304,Normal_bimodal,180,20,300,20,0.2,300,50.0,477.84516728748247,5 5|0 2|5 0,4.0267949
305,Normal_bimodal,180,20,300,20,0.4,300,5.0,432.8909224418948,0 2|3 1|3 4,2.0007459
306,Normal_bimodal,180,20,300,20,0.4,300,15.0,432.8909224418948,5 4|2 5|1 1,4.1485611
307,Normal_bimodal,180,20,300,20,0.4,300,25.0,432.8909224418948,5 4|2 5|1 1,4.1900915
308,Normal_bimodal,180,20,300,20,0.4,300,40.0,432.8909224418948,5 4|2 5|1 1,3.9649295
309,Normal_bimodal,180,20,300,20,0.4,300,50.0,432.8909224418948,5 4|2 5|1 1,4.0704655
310,Normal_bimodal,180,20,300,20,0.5,300,5.0,414.04158529742966,2 5|1 2|4 2,1.9040597
311,Normal_bimodal,180,20,300,20,0.5,300,15.0,414.04158529742966,1 5|2 2|4 5,4.0923607
312,Normal_bimodal,180,20,300,20,0.5,300,25.0,414.04158529742966,1 5|2 2|4 5,4.0931426
313,Normal_bimodal,180,20,300,20,0.5,300,40.0,414.04158529742966,1 5|2 2|4 5,4.0896683
314,Normal_bimodal,180,20,300,20,0.5,300,50.0,414.04158529742966,1 5|2 2|4 5,4.0639688
315,Normal_bimodal,180,20,300,20,0.6,300,5.0,386.2074271353523,4 4|1 3|3 0,1.872912
316,Normal_bimodal,180,20,300,20,0.6,300,15.0,386.2074271353523,1 1|2 4|4 3,4.2203989
317,Normal_bimodal,180,20,300,20,0.6,300,25.0,386.2074271353523,1 1|2 4|4 3,4.1737384
318,Normal_bimodal,180,20,300,20,0.6,300,40.0,386.2074271353523,1 1|2 4|4 3,4.1396691
319,Normal_bimodal,180,20,300,20,0.6,300,50.0,386.2074271353523,1 1|2 4|4 3,4.1333494
320,Normal_bimodal,180,20,300,20,0.8,300,5.0,353.1693950015705,5 1|1 1|3 4,1.757202
321,Normal_bimodal,180,20,300,20,0.8,300,15.0,348.0326756665789,3 1|3 3|1 2,4.2803032
322,Normal_bimodal,180,20,300,20,0.8,300,25.0,348.0326756665789,3 1|3 3|1 2,4.1682657
323,Normal_bimodal,180,20,300,20,0.8,300,40.0,348.0326756665789,3 1|3 3|1 2,4.1993829
324,Normal_bimodal,180,20,300,20,0.8,300,50.0,348.0326756665789,3 1|3 3|1 2,4.2235496
325,Normal_bimodal,180,20,120,30,0.2,300,5.0,287.4491737601557,1 1|1 5|4 3,1.8874401
326,Normal_bimodal,180,20,120,30,0.2,300,15.0,287.4491737601557,3 2|0 5|2 4,5.9238465
327,Normal_bimodal,180,20,120,30,0.2,300,25.0,287.4491737601557,3 2|0 5|2 4,5.8381194
328,Normal_bimodal,180,20,120,30,0.2,300,40.0,287.4491737601557,3 2|0 5|2 4,5.8522726
329,Normal_bimodal,180,20,120,30,0.2,300,50.0,287.4491737601557,3 2|0 5|2 4,5.8217276
330,Normal_bimodal,180,20,120,30,0.4,300,5.0,265.87875254090983,1 1|1 5|4 3,1.8063999
331,Normal_bimodal,180,20,120,30,0.4,300,15.0,265.87875254090983,2 4|0 4|5 4,5.9875712
332,Normal_bimodal,180,20,120,30,0.4,300,25.0,265.87875254090983,2 4|0 4|5 4,5.9194661
333,Normal_bimodal,180,20,120,30,0.4,300,40.0,265.87875254090983,2 4|0 4|5 4,6.0096558
334,Normal_bimodal,180,20,120,30,0.4,300,50.0,265.87875254090983,2 4|0 4|5 4,5.8333633
335,Normal_bimodal,180,20,120,30,0.5,300,5.0,255.4962525409099,1 1|1 5|4 3,1.7452577
336,Normal_bimodal,180,20,120,30,0.5,300,15.0,253.72622069674458,2 1|4 3|0 0,5.9873784
337,Normal_bimodal,180,20,120,30,0.5,300,25.0,253.72622069674458,2 1|4 3|0 0,5.8716132
338,Normal_bimodal,180,20,120,30,0.5,300,40.0,253.72622069674458,2 1|4 3|0 0,5.8380059
339,Normal_bimodal,180,20,120,30,0.5,300,50.0,253.72622069674458,2 1|4 3|0 0,5.8975313
340,Normal_bimodal,180,20,120,30,0.6,300,5.0,245.16379883720612,1 1|1 5|4 3,1.7542274
341,Normal_bimodal,180,20,120,30,0.6,300,15.0,242.47560087593163,2 2|2 0|5 2,6.0370089
342,Normal_bimodal,180,20,120,30,0.6,300,25.0,242.47560087593163,2 2|2 0|5 2,5.9162996
343,Normal_bimodal,180,20,120,30,0.6,300,40.0,242.47560087593163,2 2|2 0|5 2,5.8138374
344,Normal_bimodal,180,20,120,30,0.6,300,50.0,242.47560087593163,2 2|2 0|5 2,6.0001231
345,Normal_bimodal,180,20,120,30,0.8,300,5.0,225.04313170740716,1 2|4 1|3 5,1.7502599
346,Normal_bimodal,180,20,120,30,0.8,300,15.0,223.8682286694589,4 5|2 1|0 0,8.8639999
347,Normal_bimodal,180,20,120,30,0.8,300,25.0,223.8682286694589,4 5|2 1|0 0,5.9284247
348,Normal_bimodal,180,20,120,30,0.8,300,40.0,223.8682286694589,4 5|2 1|0 0,6.1329137
349,Normal_bimodal,180,20,120,30,0.8,300,50.0,223.8682286694589,4 5|2 1|0 0,6.0005577
350,Normal_bimodal,180,20,120,20,0.2,300,5.0,287.5553311675631,1 1|1 5|4 3,1.9386118
351,Normal_bimodal,180,20,120,20,0.2,300,15.0,287.5553311675631,3 1|0 4|1 4,5.9407436
352,Normal_bimodal,180,20,120,20,0.2,300,25.0,287.5553311675631,3 1|0 4|1 4,5.7886133
353,Normal_bimodal,180,20,120,20,0.2,300,40.0,287.5553311675631,3 1|0 4|1 4,5.7674051
354,Normal_bimodal,180,20,120,20,0.2,300,50.0,287.5553311675631,3 1|0 4|1 4,5.813049
355,Normal_bimodal,180,20,120,20,0.4,300,5.0,266.0979192075765,1 1|1 5|4 3,1.7873763
356,Normal_bimodal,180,20,120,20,0.4,300,15.0,266.0979192075765,2 4|0 4|5 4,5.8880476
357,Normal_bimodal,180,20,120,20,0.4,300,25.0,266.0979192075765,2 4|0 4|5 4,5.88827
358,Normal_bimodal,180,20,120,20,0.4,300,40.0,266.0979192075765,2 4|0 4|5 4,5.9180736
359,Normal_bimodal,180,20,120,20,0.4,300,50.0,266.0979192075765,2 4|0 4|5 4,5.8306921
360,Normal_bimodal,180,20,120,20,0.5,300,5.0,255.71111365202097,1 1|1 5|4 3,1.7286242
361,Normal_bimodal,180,20,120,20,0.5,300,15.0,252.07464020259826,0 3|4 1|5 3,5.9465436
362,Normal_bimodal,180,20,120,20,0.5,300,25.0,252.07464020259826,0 3|4 1|5 3,5.8705748
363,Normal_bimodal,180,20,120,20,0.5,300,40.0,252.07464020259826,0 3|4 1|5 3,5.8310831
364,Normal_bimodal,180,20,120,20,0.5,300,50.0,252.07464020259826,0 3|4 1|5 3,5.8458729
365,Normal_bimodal,180,20,120,20,0.6,300,5.0,245.4570858742432,1 1|1 5|4 3,1.6595242
366,Normal_bimodal,180,20,120,20,0.6,300,15.0,242.40269964136368,2 2|2 0|5 2,6.0087781
367,Normal_bimodal,180,20,120,20,0.6,300,25.0,242.40269964136368,2 2|2 0|5 2,6.0294624
368,Normal_bimodal,180,20,120,20,0.6,300,40.0,242.40269964136368,2 2|2 0|5 2,5.9106725
369,Normal_bimodal,180,20,120,20,0.6,300,50.0,242.40269964136368,2 2|2 0|5 2,5.8338672
370,Normal_bimodal,180,20,120,20,0.8,300,5.0,224.78465948518493,1 2|4 1|3 5,1.6852592
371,Normal_bimodal,180,20,120,20,0.8,300,15.0,223.6652965706934,4 5|2 1|0 0,6.0516281
372,Normal_bimodal,180,20,120,20,0.8,300,25.0,223.6652965706934,4 5|2 1|0 0,6.0712651
373,Normal_bimodal,180,20,120,20,0.8,300,40.0,223.6652965706934,4 5|2 1|0 0,6.0781132
374,Normal_bimodal,180,20,120,20,0.8,300,50.0,223.6652965706934,4 5|2 1|0 0,5.9205149
375,Normal_bimodal,180,20,120,10,0.2,300,5.0,287.6471367231186,1 1|1 5|4 3,1.8892212
376,Normal_bimodal,180,20,120,10,0.2,300,15.0,287.6471367231186,3 1|0 4|1 4,5.8285857
377,Normal_bimodal,180,20,120,10,0.2,300,25.0,287.6471367231186,3 1|0 4|1 4,5.9210071
378,Normal_bimodal,180,20,120,10,0.2,300,40.0,287.6471367231186,3 1|0 4|1 4,5.7861175
379,Normal_bimodal,180,20,120,10,0.2,300,50.0,287.6471367231186,3 1|0 4|1 4,5.7918292
380,Normal_bimodal,180,20,120,10,0.4,300,5.0,266.339863652021,1 1|1 5|4 3,1.7499259
381,Normal_bimodal,180,20,120,10,0.4,300,15.0,266.339863652021,3 0|4 3|1 1,5.9953084
382,Normal_bimodal,180,20,120,10,0.4,300,25.0,266.339863652021,3 0|4 3|1 1,5.8368184
383,Normal_bimodal,180,20,120,10,0.4,300,40.0,266.339863652021,3 0|4 3|1 1,5.8275507
384,Normal_bimodal,180,20,120,10,0.4,300,50.0,266.339863652021,3 0|4 3|1 1,6.0813921
385,Normal_bimodal,180,20,120,10,0.5,300,5.0,255.8166229112802,1 1|1 5|4 3,1.7622653
386,Normal_bimodal,180,20,120,10,0.5,300,15.0,252.16735625198098,0 3|4 1|5 3,5.9222145
387,Normal_bimodal,180,20,120,10,0.5,300,25.0,252.16735625198098,0 3|4 1|5 3,5.8995328
388,Normal_bimodal,180,20,120,10,0.5,300,40.0,252.16735625198098,0 3|4 1|5 3,5.8338717
389,Normal_bimodal,180,20,120,10,0.5,300,50.0,252.16735625198098,0 3|4 1|5 3,6.1263078
390,Normal_bimodal,180,20,120,10,0.6,300,5.0,245.7294469853543,1 1|1 5|4 3,1.8602416
391,Normal_bimodal,180,20,120,10,0.6,300,15.0,242.3792737154378,2 2|2 0|5 2,6.6921288
392,Normal_bimodal,180,20,120,10,0.6,300,25.0,242.3792737154378,2 2|2 0|5 2,6.2281382
393,Normal_bimodal,180,20,120,10,0.6,300,40.0,242.3792737154378,2 2|2 0|5 2,6.3034173
394,Normal_bimodal,180,20,120,10,0.6,300,50.0,242.3792737154378,2 2|2 0|5 2,6.3325022
395,Normal_bimodal,180,20,120,10,0.8,300,5.0,224.52484467037007,1 2|4 1|3 5,1.6749346
396,Normal_bimodal,180,20,120,10,0.8,300,15.0,223.5133212620515,1 1|5 5|1 4,5.9480689
397,Normal_bimodal,180,20,120,10,0.8,300,25.0,223.5133212620515,1 1|5 5|1 4,5.9691462
398,Normal_bimodal,180,20,120,10,0.8,300,40.0,223.5133212620515,1 1|5 5|1 4,5.9694822
399,Normal_bimodal,180,20,120,10,0.8,300,50.0,223.5133212620515,1 1|5 5|1 4,6.008834
400,Normal_bimodal,180,40,300,60,0.2,300,5.0,472.46100062081587,4 1|2 5|1 1,1.6426323
401,Normal_bimodal,180,40,300,60,0.2,300,15.0,472.46100062081587,5 5|0 2|5 0,4.2163124
402,Normal_bimodal,180,40,300,60,0.2,300,25.0,472.46100062081587,5 5|0 2|5 0,4.1663386
403,Normal_bimodal,180,40,300,60,0.2,300,40.0,472.46100062081587,5 5|0 2|5 0,4.1415195
404,Normal_bimodal,180,40,300,60,0.2,300,50.0,472.46100062081587,5 5|0 2|5 0,4.1203497
405,Normal_bimodal,180,40,300,60,0.4,300,5.0,431.5122496023887,0 2|3 1|3 4,2.045756
406,Normal_bimodal,180,40,300,60,0.4,300,15.0,431.5122496023887,3 5|0 2|3 2,4.1947931
407,Normal_bimodal,180,40,300,60,0.4,300,25.0,431.5122496023887,3 5|0 2|3 2,4.1377389
408,Normal_bimodal,180,40,300,60,0.4,300,40.0,431.5122496023887,3 5|0 2|3 2,4.1061172
409,Normal_bimodal,180,40,300,60,0.4,300,50.0,431.5122496023887,3 5|0 2|3 2,4.1168056
410,Normal_bimodal,180,40,300,60,0.5,300,5.0,414.6040390011333,2 5|1 2|4 2,1.8730223
411,Normal_bimodal,180,40,300,60,0.5,300,15.0,414.6040390011333,1 5|2 2|4 5,4.1016138
412,Normal_bimodal,180,40,300,60,0.5,300,25.0,414.6040390011333,1 5|2 2|4 5,4.1006126
413,Normal_bimodal,180,40,300,60,0.5,300,40.0,414.6040390011333,1 5|2 2|4 5,4.2363758
414,Normal_bimodal,180,40,300,60,0.5,300,50.0,414.6040390011333,1 5|2 2|4 5,4.1231603
415,Normal_bimodal,180,40,300,60,0.6,300,5.0,386.9819641723894,4 4|1 3|3 0,1.8355276
416,Normal_bimodal,180,40,300,60,0.6,300,15.0,386.7823882517683,1 1|2 4|4 3,4.2893876
417,Normal_bimodal,180,40,300,60,0.6,300,25.0,386.7823882517683,1 1|2 4|4 3,4.2584369
418,Normal_bimodal,180,40,300,60,0.6,300,40.0,386.7823882517683,1 1|2 4|4 3,4.1834136
419,Normal_bimodal,180,40,300,60,0.6,300,50.0,386.7823882517683,1 1|2 4|4 3,4.2781585
420,Normal_bimodal,180,40,300,60,0.8,300,5.0,354.4604598163853,5 1|1 1|3 4,1.7379096
421,Normal_bimodal,180,40,300,60,0.8,300,15.0,349.7766571480603,1 0|0 5|0 2,4.4916421
422,Normal_bimodal,180,40,300,60,0.8,300,25.0,349.7766571480603,1 0|0 5|0 2,4.3515481
423,Normal_bimodal,180,40,300,60,0.8,300,40.0,349.7766571480603,1 0|0 5|0 2,4.2567221
424,Normal_bimodal,180,40,300,60,0.8,300,50.0,349.7766571480603,1 0|0 5|0 2,4.3329828
425,Normal_bimodal,180,40,300,50,0.2,300,5.0,473.57757469488985,4 1|2 5|1 1,1.6931892
426,Normal_bimodal,180,40,300,50,0.2,300,15.0,473.57757469488985,5 5|0 2|5 0,4.2542997
427,Normal_bimodal,180,40,300,50,0.2,300,25.0,473.57757469488985,5 5|0 2|5 0,4.0380704
428,Normal_bimodal,180,40,300,50,0.2,300,40.0,473.57757469488985,5 5|0 2|5 0,4.066708
429,Normal_bimodal,180,40,300,50,0.2,300,50.0,473.57757469488985,5 5|0 2|5 0,4.0573381
430,Normal_bimodal,180,40,300,50,0.4,300,5.0,431.8607372567096,0 2|3 1|3 4,2.0467562
431,Normal_bimodal,180,40,300,50,0.4,300,15.0,431.8607372567096,3 4|5 2|1 1,4.0403613
432,Normal_bimodal,180,40,300,50,0.4,300,25.0,431.8607372567096,3 4|5 2|1 1,4.1715463
433,Normal_bimodal,180,40,300,50,0.4,300,40.0,431.8607372567096,3 4|5 2|1 1,4.1737127
434,Normal_bimodal,180,40,300,50,0.4,300,50.0,431.8607372567096,3 4|5 2|1 1,4.220508
435,Normal_bimodal,180,40,300,50,0.5,300,5.0,414.5476964085408,2 5|1 2|4 2,1.9663922
436,Normal_bimodal,180,40,300,50,0.5,300,15.0,414.5476964085408,1 5|2 2|4 5,4.121108
437,Normal_bimodal,180,40,300,50,0.5,300,25.0,414.5476964085408,1 5|2 2|4 5,4.0770315
438,Normal_bimodal,180,40,300,50,0.5,300,40.0,414.5476964085408,1 5|2 2|4 5,4.1319427
439,Normal_bimodal,180,40,300,50,0.5,300,50.0,414.5476964085408,1 5|2 2|4 5,4.1733457
440,Normal_bimodal,180,40,300,50,0.6,300,5.0,387.0299271353524,4 4|1 3|3 0,1.9261425
441,Normal_bimodal,180,40,300,50,0.6,300,15.0,386.81146232584234,1 1|2 4|4 3,4.209981
442,Normal_bimodal,180,40,300,50,0.6,300,25.0,386.81146232584234,1 1|2 4|4 3,4.130232
443,Normal_bimodal,180,40,300,50,0.6,300,40.0,386.81146232584234,1 1|2 4|4 3,4.1530808
444,Normal_bimodal,180,40,300,50,0.6,300,50.0,386.81146232584234,1 1|2 4|4 3,4.1816028
445,Normal_bimodal,180,40,300,50,0.8,300,5.0,354.322126483052,5 1|1 1|3 4,1.7222668
446,Normal_bimodal,180,40,300,50,0.8,300,15.0,349.91008307398636,3 1|3 3|1 2,4.4700314
447,Normal_bimodal,180,40,300,50,0.8,300,25.0,349.91008307398636,3 1|3 3|1 2,4.2504353
448,Normal_bimodal,180,40,300,50,0.8,300,40.0,349.91008307398636,3 1|3 3|1 2,4.1731479
449,Normal_bimodal,180,40,300,50,0.8,300,50.0,349.91008307398636,3 1|3 3|1 2,4.1653938
450,Normal_bimodal,180,40,300,40,0.2,300,5.0,474.7468339541492,4 1|2 5|1 1,1.6797292
451,Normal_bimodal,180,40,300,40,0.2,300,15.0,474.7468339541492,5 5|0 2|5 0,4.1906305
452,Normal_bimodal,180,40,300,40,0.2,300,25.0,474.7468339541492,5 5|0 2|5 0,4.1141206
453,Normal_bimodal,180,40,300,40,0.2,300,40.0,474.7468339541492,5 5|0 2|5 0,4.0951709
454,Normal_bimodal,180,40,300,40,0.2,300,50.0,474.7468339541492,5 5|0 2|5 0,4.0178139
455,Normal_bimodal,180,40,300,40,0.4,300,5.0,432.2340705900429,0 2|3 1|3 4,2.0450801
456,Normal_bimodal,180,40,300,40,0.4,300,15.0,432.2340705900429,3 4|5 2|1 1,4.1793418
457,Normal_bimodal,180,40,300,40,0.4,300,25.0,432.2340705900429,3 4|5 2|1 1,4.1816521
458,Normal_bimodal,180,40,300,40,0.4,300,40.0,432.2340705900429,3 4|5 2|1 1,4.0883411
459,Normal_bimodal,180,40,300,40,0.4,300,50.0,432.2340705900429,3 4|5 2|1 1,4.1634718
460,Normal_bimodal,180,40,300,40,0.5,300,5.0,414.4734371492815,2 5|1 2|4 2,1.8912668
461,Normal_bimodal,180,40,300,40,0.5,300,15.0,414.4734371492815,1 5|2 2|4 5,4.2071804
462,Normal_bimodal,180,40,300,40,0.5,300,25.0,414.4734371492815,1 5|2 2|4 5,4.1207012
463,Normal_bimodal,180,40,300,40,0.5,300,40.0,414.4734371492815,1 5|2 2|4 5,4.2040031
464,Normal_bimodal,180,40,300,40,0.5,300,50.0,414.4734371492815,1 5|2 2|4 5,4.1444675
465,Normal_bimodal,180,40,300,40,0.6,300,5.0,387.07279750572275,4 4|1 3|3 0,1.8134913
466,Normal_bimodal,180,40,300,40,0.6,300,15.0,386.84649319003984,1 1|2 4|4 3,4.2193849
467,Normal_bimodal,180,40,300,40,0.6,300,25.0,386.84649319003984,1 1|2 4|4 3,4.2443951
468,Normal_bimodal,180,40,300,40,0.6,300,40.0,386.84649319003984,1 1|2 4|4 3,4.1958498
469,Normal_bimodal,180,40,300,40,0.6,300,50.0,386.84649319003984,1 1|2 4|4 3,4.1965549
470,Normal_bimodal,180,40,300,40,0.8,300,5.0,354.16772833490376,5 1|1 1|3 4,1.7530522
471,Normal_bimodal,180,40,300,40,0.8,300,15.0,350.04457381472696,3 1|3 3|1 2,4.3800274
472,Normal_bimodal,180,40,300,40,0.8,300,25.0,350.04457381472696,3 1|3 3|1 2,4.2882262
473,Normal_bimodal,180,40,300,40,0.8,300,40.0,350.04457381472696,3 1|3 3|1 2,4.2725069
474,Normal_bimodal,180,40,300,40,0.8,300,50.0,350.04457381472696,3 1|3 3|1 2,4.2610857
475,Normal_bimodal,180,40,300,30,0.2,300,5.0,476.0209080282231,5 5|0 2|5 0,4.1419199
476,Normal_bimodal,180,40,300,30,0.2,300,15.0,476.0209080282231,5 5|0 2|5 0,4.1666098
477,Normal_bimodal,180,40,300,30,0.2,300,25.0,476.0209080282231,5 5|0 2|5 0,3.9991635
478,Normal_bimodal,180,40,300,30,0.2,300,40.0,476.0209080282231,5 5|0 2|5 0,4.0987465
479,Normal_bimodal,180,40,300,30,0.2,300,50.0,476.0209080282231,5 5|0 2|5 0,4.166163
480,Normal_bimodal,180,40,300,30,0.4,300,5.0,432.62110762707994,0 2|3 1|3 4,1.9768721
481,Normal_bimodal,180,40,300,30,0.4,300,15.0,432.62110762707994,3 4|5 2|1 1,4.0858393
482,Normal_bimodal,180,40,300,30,0.4,300,25.0,432.62110762707994,3 4|5 2|1 1,4.1173088
483,Normal_bimodal,180,40,300,30,0.4,300,40.0,432.62110762707994,3 4|5 2|1 1,4.0503202
484,Normal_bimodal,180,40,300,30,0.4,300,50.0,432.62110762707994,3 4|5 2|1 1,4.0758525
485,Normal_bimodal,180,40,300,30,0.5,300,5.0,414.35802048261473,2 5|1 2|4 2,1.9430026
486,Normal_bimodal,180,40,300,30,0.5,300,15.0,414.35802048261473,1 5|2 2|4 5,4.1082991
487,Normal_bimodal,180,40,300,30,0.5,300,25.0,414.35802048261473,1 5|2 2|4 5,4.0925686
488,Normal_bimodal,180,40,300,30,0.5,300,40.0,414.35802048261473,1 5|2 2|4 5,4.1276669
489,Normal_bimodal,180,40,300,30,0.5,300,50.0,414.35802048261473,1 5|2 2|4 5,4.0988776
490,Normal_bimodal,180,40,300,30,0.6,300,5.0,387.08784380201905,4 4|1 3|3 0,1.8892427
491,Normal_bimodal,180,40,300,30,0.6,300,15.0,386.86930183201525,1 1|2 4|4 3,4.1394744
492,Normal_bimodal,180,40,300,30,0.6,300,25.0,386.86930183201525,1 1|2 4|4 3,4.1390436
493,Normal_bimodal,180,40,300,30,0.6,300,40.0,386.86930183201525,1 1|2 4|4 3,4.1702281
494,Normal_bimodal,180,40,300,30,0.6,300,50.0,386.86930183201525,1 1|2 4|4 3,4.1698054
495,Normal_bimodal,180,40,300,30,0.8,300,5.0,353.99596907564455,5 1|1 1|3 4,1.7346314
496,Normal_bimodal,180,40,300,30,0.8,300,15.0,350.16878677769,3 1|3 3|1 2,4.4439942
497,Normal_bimodal,180,40,300,30,0.8,300,25.0,350.16878677769,3 1|3 3|1 2,4.2842841
498,Normal_bimodal,180,40,300,30,0.8,300,40.0,350.16878677769,3 1|3 3|1 2,4.1983945
499,Normal_bimodal,180,40,300,30,0.8,300,50.0,350.16878677769,3 1|3 3|1 2,4.2327658
500,Normal_bimodal,180,40,300,20,0.2,300,5.0,477.45924136155645,5 5|0 2|5 0,4.0566717
501,Normal_bimodal,180,40,300,20,0.2,300,15.0,477.45924136155645,5 5|0 2|5 0,4.2045136
502,Normal_bimodal,180,40,300,20,0.2,300,25.0,477.45924136155645,5 5|0 2|5 0,4.0264863
503,Normal_bimodal,180,40,300,20,0.2,300,40.0,477.45924136155645,5 5|0 2|5 0,3.9974378
504,Normal_bimodal,180,40,300,20,0.2,300,50.0,477.45924136155645,5 5|0 2|5 0,4.0360726
505,Normal_bimodal,180,40,300,20,0.4,300,5.0,434.2190181539426,0 2|3 1|3 4,2.038703
506,Normal_bimodal,180,40,300,20,0.4,300,15.0,432.8373172556139,3 5|0 2|3 2,4.1343068
507,Normal_bimodal,180,40,300,20,0.4,300,25.0,432.8373172556139,3 5|0 2|3 2,4.1119997
508,Normal_bimodal,180,40,300,20,0.4,300,40.0,432.8373172556139,3 5|0 2|3 2,4.0435012
509,Normal_bimodal,180,40,300,20,0.4,300,50.0,432.8373172556139,3 5|0 2|3 2,4.1079331
510,Normal_bimodal,180,40,300,20,0.5,300,5.0,414.1553352974296,2 5|1 2|4 2,1.8957325
511,Normal_bimodal,180,40,300,20,0.5,300,15.0,414.1553352974296,1 5|2 2|4 5,4.2636528
512,Normal_bimodal,180,40,300,20,0.5,300,25.0,414.1553352974296,1 5|2 2|4 5,4.2251892
513,Normal_bimodal,180,40,300,20,0.5,300,40.0,414.1553352974296,1 5|2 2|4 5,4.1602787
514,Normal_bimodal,180,40,300,20,0.5,300,50.0,414.1553352974296,1 5|2 2|4 5,4.040288
515,Normal_bimodal,180,40,300,20,0.6,300,5.0,387.07270491313017,4 4|1 3|3 0,1.8256777
516,Normal_bimodal,180,40,300,20,0.6,300,15.0,386.86390059744735,1 1|2 4|4 3,4.3034326
517,Normal_bimodal,180,40,300,20,0.6,300,25.0,386.86390059744735,1 1|2 4|4 3,4.225685
518,Normal_bimodal,180,40,300,20,0.6,300,40.0,386.86390059744735,1 1|2 4|4 3,4.1753033
519,Normal_bimodal,180,40,300,20,0.6,300,50.0,386.86390059744735,1 1|2 4|4 3,4.1743204
520,Normal_bimodal,180,40,300,20,0.8,300,5.0,353.8148579645334,5 1|1 1|3 4,1.736331
521,Normal_bimodal,180,40,300,20,0.8,300,15.0,350.27522196287515,3 1|3 3|1 2,4.3160358
522,Normal_bimodal,180,40,300,20,0.8,300,25.0,350.27522196287515,3 1|3 3|1 2,4.2631989
523,Normal_bimodal,180,40,300,20,0.8,300,40.0,350.27522196287515,3 1|3 3|1 2,4.3102901
524,Normal_bimodal,180,40,300,20,0.8,300,50.0,350.27522196287515,3 1|3 3|1 2,4.268811
525,Normal_bimodal,180,40,120,30,0.2,300,5.0,286.5600996860816,1 1|1 5|4 3,1.8954336
526,Normal_bimodal,180,40,120,30,0.2,300,15.0,286.5600996860816,3 1|0 4|1 4,5.819825
527,Normal_bimodal,180,40,120,30,0.2,300,25.0,286.5600996860816,3 1|0 4|1 4,5.7911776
528,Normal_bimodal,180,40,120,30,0.2,300,40.0,286.5600996860816,3 1|0 4|1 4,5.925262
529,Normal_bimodal,180,40,120,30,0.2,300,50.0,286.5600996860816,3 1|0 4|1 4,6.0391113
530,Normal_bimodal,180,40,120,30,0.4,300,5.0,265.2750025409099,1 1|1 5|4 3,1.9629084
531,Normal_bimodal,180,40,120,30,0.4,300,15.0,265.2750025409099,3 0|4 3|1 1,8.3622919
532,Normal_bimodal,180,40,120,30,0.4,300,25.0,265.2750025409099,3 0|4 3|1 1,6.6466849
533,Normal_bimodal,180,40,120,30,0.4,300,40.0,265.2750025409099,3 0|4 3|1 1,5.8763347
534,Normal_bimodal,180,40,120,30,0.4,300,50.0,265.2750025409099,3 0|4 3|1 1,6.0547088
535,Normal_bimodal,180,40,120,30,0.5,300,5.0,255.0610210594284,1 1|1 5|4 3,1.8357752
536,Normal_bimodal,180,40,120,30,0.5,300,15.0,253.56154477081873,2 1|4 3|0 0,6.0082908
537,Normal_bimodal,180,40,120,30,0.5,300,25.0,253.56154477081873,2 1|4 3|0 0,5.9682399
538,Normal_bimodal,180,40,120,30,0.5,300,40.0,253.56154477081873,2 1|4 3|0 0,6.1083281
539,Normal_bimodal,180,40,120,30,0.5,300,50.0,253.56154477081873,2 1|4 3|0 0,5.9056827
540,Normal_bimodal,180,40,120,30,0.6,300,5.0,244.92398402239138,1 1|1 5|4 3,1.7775518
541,Normal_bimodal,180,40,120,30,0.6,300,15.0,243.48617440044825,0 2|1 3|3 0,6.0437924
542,Normal_bimodal,180,40,120,30,0.6,300,25.0,243.48617440044825,0 2|1 3|3 0,5.995374
543,Normal_bimodal,180,40,120,30,0.6,300,40.0,243.48617440044825,0 2|1 3|3 0,6.161263
544,Normal_bimodal,180,40,120,30,0.6,300,50.0,243.48617440044825,0 2|1 3|3 0,5.9646807
545,Normal_bimodal,180,40,120,30,0.8,300,5.0,225.30391874444416,1 2|4 1|3 5,1.6931727
546,Normal_bimodal,180,40,120,30,0.8,300,15.0,223.7094323731626,4 5|2 1|0 0,6.1486871
547,Normal_bimodal,180,40,120,30,0.8,300,25.0,223.7094323731626,4 5|2 1|0 0,6.0791539
548,Normal_bimodal,180,40,120,30,0.8,300,40.0,223.7094323731626,4 5|2 1|0 0,5.9484582
549,Normal_bimodal,180,40,120,30,0.8,300,50.0,223.7094323731626,4 5|2 1|0 0,6.0476752
550,Normal_bimodal,180,40,120,20,0.2,300,5.0,286.87320153793337,1 1|1 5|4 3,1.8842557
551,Normal_bimodal,180,40,120,20,0.2,300,15.0,286.87320153793337,3 1|0 4|1 4,5.8794185
552,Normal_bimodal,180,40,120,20,0.2,300,25.0,286.87320153793337,3 1|0 4|1 4,5.8626731
553,Normal_bimodal,180,40,120,20,0.2,300,40.0,286.87320153793337,3 1|0 4|1 4,5.8973331
554,Normal_bimodal,180,40,120,20,0.2,300,50.0,286.87320153793337,3 1|0 4|1 4,5.8909962
555,Normal_bimodal,180,40,120,20,0.4,300,5.0,265.61440068905796,1 1|1 5|4 3,1.7522557
556,Normal_bimodal,180,40,120,20,0.4,300,15.0,265.61440068905796,3 0|4 3|1 1,6.0036199
557,Normal_bimodal,180,40,120,20,0.4,300,25.0,265.61440068905796,3 0|4 3|1 1,6.1143272
558,Normal_bimodal,180,40,120,20,0.4,300,40.0,265.61440068905796,3 0|4 3|1 1,5.9539977
559,Normal_bimodal,180,40,120,20,0.4,300,50.0,265.61440068905796,3 0|4 3|1 1,5.9364132
560,Normal_bimodal,180,40,120,20,0.5,300,5.0,255.43139142979874,1 1|1 5|4 3,1.757238
561,Normal_bimodal,180,40,120,20,0.5,300,15.0,251.61991798037604,0 3|4 1|5 3,6.0059243
562,Normal_bimodal,180,40,120,20,0.5,300,25.0,251.61991798037604,0 3|4 1|5 3,5.8385294
563,Normal_bimodal,180,40,120,20,0.5,300,40.0,251.61991798037604,0 3|4 1|5 3,6.1286155
564,Normal_bimodal,180,40,120,20,0.5,300,50.0,251.61991798037604,0 3|4 1|5 3,6.0094014
565,Normal_bimodal,180,40,120,20,0.6,300,5.0,245.36963217053943,1 1|1 5|4 3,1.8262103
566,Normal_bimodal,180,40,120,20,0.6,300,15.0,242.60141916676318,3 5|0 4|4 3,6.0300357
567,Normal_bimodal,180,40,120,20,0.6,300,25.0,242.60141916676318,3 5|0 4|4 3,6.1622901
568,Normal_bimodal,180,40,120,20,0.6,300,40.0,242.60141916676318,3 5|0 4|4 3,6.1268783
569,Normal_bimodal,180,40,120,20,0.6,300,50.0,242.60141916676318,3 5|0 4|4 3,6.0845302
570,Normal_bimodal,180,40,120,20,0.8,300,5.0,225.08461318888862,1 2|4 1|3 5,1.7026163
571,Normal_bimodal,180,40,120,20,0.8,300,15.0,223.50279657069348,1 1|5 5|1 4,6.1678317
572,Normal_bimodal,180,40,120,20,0.8,300,25.0,223.50279657069348,1 1|5 5|1 4,6.0619811
573,Normal_bimodal,180,40,120,20,0.8,300,40.0,223.50279657069348,1 1|5 5|1 4,6.0511427
574,Normal_bimodal,180,40,120,20,0.8,300,50.0,223.50279657069348,1 1|5 5|1 4,6.0198643
575,Normal_bimodal,180,40,120,10,0.2,300,5.0,288.37079413052606,1 1|1 5|4 3,1.8604479
576,Normal_bimodal,180,40,120,10,0.2,300,15.0,288.37079413052606,2 5|1 2|1 1,5.7951785
577,Normal_bimodal,180,40,120,10,0.2,300,25.0,288.37079413052606,2 5|1 2|1 1,5.8010116
578,Normal_bimodal,180,40,120,10,0.2,300,40.0,288.37079413052606,2 5|1 2|1 1,5.874818
579,Normal_bimodal,180,40,120,10,0.2,300,50.0,288.37079413052606,2 5|1 2|1 1,5.9641044
580,Normal_bimodal,180,40,120,10,0.4,300,5.0,273.23892341061384,4 3|2 5|1 1,3.7915142
581,Normal_bimodal,180,40,120,10,0.4,300,15.0,265.491648629599,0 2|1 3|5 0,5.9313034
582,Normal_bimodal,180,40,120,10,0.4,300,25.0,265.491648629599,0 2|1 3|5 0,5.946602
583,Normal_bimodal,180,40,120,10,0.4,300,40.0,265.491648629599,0 2|1 3|5 0,5.8286448
584,Normal_bimodal,180,40,120,10,0.4,300,50.0,265.491648629599,0 2|1 3|5 0,5.9133712
585,Normal_bimodal,180,40,120,10,0.5,300,5.0,256.31259513350244,1 1|1 5|4 3,1.7905253
586,Normal_bimodal,180,40,120,10,0.5,300,15.0,252.44260316556122,0 3|4 1|5 3,6.0100191
587,Normal_bimodal,180,40,120,10,0.5,300,25.0,252.44260316556122,0 3|4 1|5 3,5.9337685
588,Normal_bimodal,180,40,120,10,0.5,300,40.0,252.44260316556122,0 3|4 1|5 3,5.9897541
589,Normal_bimodal,180,40,120,10,0.5,300,50.0,252.44260316556122,0 3|4 1|5 3,6.014282
590,Normal_bimodal,180,40,120,10,0.6,300,5.0,246.16379883720617,1 1|1 5|4 3,1.7472971
591,Normal_bimodal,180,40,120,10,0.6,300,15.0,243.72242440044835,0 2|1 3|3 0,6.0107944
592,Normal_bimodal,180,40,120,10,0.6,300,25.0,243.72242440044835,0 2|1 3|3 0,5.8191144
593,Normal_bimodal,180,40,120,10,0.6,300,40.0,243.72242440044835,0 2|1 3|3 0,5.8640707
594,Normal_bimodal,180,40,120,10,0.6,300,50.0,243.72242440044835,0 2|1 3|3 0,5.8772715
595,Normal_bimodal,180,40,120,10,0.8,300,5.0,225.02780763333305,1 2|4 1|3 5,1.6971466
596,Normal_bimodal,180,40,120,10,0.8,300,15.0,223.51517311390333,1 1|5 5|1 4,6.1534389
597,Normal_bimodal,180,40,120,10,0.8,300,25.0,223.51517311390333,1 1|5 5|1 4,5.966154
598,Normal_bimodal,180,40,120,10,0.8,300,40.0,223.51517311390333,1 1|5 5|1 4,5.9720754
599,Normal_bimodal,180,40,120,10,0.8,300,50.0,223.51517311390333,1 1|5 5|1 4,6.1395151
